freq,db l,db r
19.9110610751817,92.6754742884994,92.4038131930145
20.026760119744,92.6865894113129,92.4171001970802
20.1431314674479,92.6977045341263,92.4303872011459
20.2601790249073,92.7088196569398,92.4436742052116
20.377906721437,92.7199347797532,92.4569612092773
20.4963185091839,92.7310499025667,92.470248213343
20.6154183632601,92.7421650253801,92.4835352174087
20.7352102818763,92.7532801481935,92.4968222214744
20.855698286476,92.7656560797183,92.5113234058067
20.9768864218704,92.7835796735476,92.5311670834411
21.0987787563742,92.8015032673769,92.5510107610755
21.2213793819424,92.8194268612062,92.5708544387099
21.3446924143073,92.8373504550355,92.5906981163444
21.4687219931171,92.8552740488647,92.6105417939788
21.5934722820745,92.873197642694,92.6303854716132
21.7189474690766,92.8911212365233,92.6502291492476
21.8451517663555,92.9090448303526,92.670072826882
21.9720894106197,92.9269684241819,92.6899165045164
22.0997646631965,92.9448920180112,92.7097601821508
22.2281818101747,92.9628156118405,92.7296038597852
22.3573451625487,92.9807392056697,92.7494475374197
22.4872590563633,92.9998122684849,92.7708208523668
22.6179278528589,93.0206484246875,92.7945403754017
22.7493559386186,93.0414845808902,92.8182598984367
22.8815477257145,93.0623207370928,92.8419794214716
23.0145076518569,93.0831568932955,92.8656989445065
23.1482401805422,93.1039930494981,92.8894184675415
23.2827498012035,93.1248292057008,92.9131379905764
23.4180410293611,93.1456653619034,92.9368575136114
23.5541184067739,93.166501518106,92.9605770366463
23.6909865015922,93.1873376743087,92.9842965596813
23.8286499085107,93.2081738305113,93.0080160827162
23.967113248923,93.229009986714,93.0317356057511
24.1063811710768,93.2425333975981,93.0466034841019
24.2464583502294,93.2483526214712,93.0521459008054
24.3873494888055,93.2541718453442,93.057688317509
24.5290593165544,93.2599910692173,93.0632307342126
24.6715925907089,93.2658102930903,93.0687731509162
24.8149540961454,93.2716295169633,93.0743155676197
24.9591486455438,93.2774487408364,93.0798579843233
25.1041810795499,93.2832679647094,93.0854004010269
25.2500562669372,93.2890871885825,93.0909428177305
25.3967791047708,93.2949064124555,93.096485234434
25.5443545185716,93.3007256363285,93.1020276511376
25.6927874624814,93.3091737116925,93.1120145807512
25.8420829194301,93.322545709736,93.1303262247856
25.9922459013017,93.3359177077795,93.1486378688199
26.1432814491037,93.349289705823,93.1669495128543
26.2951946331355,93.3626617038665,93.1852611568887
26.4479905531594,93.3760337019099,93.2035728009231
26.6016743385708,93.3894056999534,93.2218844449575
26.7562511485715,93.4027776979969,93.2401960889918
26.9117261723419,93.4161496960404,93.2585077330262
27.068104629216,93.4295216940838,93.2768193770606
27.2253917688559,93.4428936921273,93.295131021095
27.3835928714288,93.4523094225541,93.3050740431028
27.5427132477837,93.4612094144326,93.313926132597
27.7027582396296,93.4701094063111,93.3227782220912
27.8637332197154,93.4790093981895,93.3316303115854
28.0256435920099,93.487909390068,93.3404824010797
28.1884947918829,93.4968093819465,93.3493344905739
28.3522922862884,93.5057093738249,93.3581865800681
28.5170415739476,93.5146093657034,93.3670386695623
28.6827481855335,93.5235093575818,93.3758907590565
28.8494176838569,93.5325469299141,93.3849259154973
29.0170556640527,93.5484925104038,93.4031529878355
29.1856677537684,93.5644380908935,93.4213800601736
29.355259613352,93.5803836713832,93.4396071325117
29.525836936043,93.5963292518729,93.4578342048498
29.6974054481632,93.6122748323626,93.4760612771879
29.8699709093085,93.6282204128523,93.4942883495261
30.0435391125429,93.644165993342,93.5125154218642
30.2181158845927,93.6601115738317,93.5307424942023
30.3937070860419,93.6760571543214,93.5489695665404
30.5703186115293,93.6882470112474,93.5633064481602
30.7479563899462,93.6987328881213,93.5758783416836
30.9266263846354,93.7092187649952,93.5884502352069
31.1063345935916,93.719704641869,93.6010221287303
31.2870870496623,93.7301905187429,93.6135940222537
31.4688898207509,93.7406763956168,93.6261659157771
31.6517490100201,93.7511622724906,93.6387378093005
31.8356707560966,93.7616481493645,93.6513097028239
32.0206612332777,93.7721340262384,93.6638815963473
32.2067266517381,93.7831277578245,93.6761540160369
32.3938732577383,93.7942218213453,93.6883672715828
32.5821073338351,93.8053158848661,93.7005805271288
32.7714351990913,93.8164099483869,93.7127937826748
32.9618632092889,93.8275040119077,93.7250070382208
33.1533977571418,93.8385980754285,93.7372202937667
33.3460452725108,93.8496921389493,93.7494335493127
33.5398122226193,93.8607862024701,93.7616468048587
33.73470511227,93.8734162517132,93.7759786518041
33.9307304840643,93.8882187578806,93.7933069774856
34.1278949186207,93.903021264048,93.810635303167
34.3262050347967,93.9178237702154,93.8279636288485
34.5256674899104,93.9326262763828,93.8452919545299
34.7262889799643,93.9474287825501,93.8626202802113
34.92807623987,93.9622312887175,93.8799486058927
35.1310360436742,93.9770337948849,93.8972769315742
35.3351752047861,93.9911171015856,93.913071745885
35.5405005762064,94.0040523006933,93.9264185104823
35.7470190507572,94.016987499801,93.9397652750797
35.954737561313,94.0299226989088,93.953112039677
36.1636630810341,94.0428578980165,93.9664588042743
36.3738026236004,94.0557930971243,93.9798055688717
36.5851632434467,94.068728296232,93.993152333469
36.7977520359997,94.0816634953397,94.0064990980664
37.0115761379161,94.092795179496,94.0195377170589
37.2266427273225,94.1032012117145,94.0324523523522
37.4429590240557,94.113607243933,94.0453669876455
37.6605322899058,94.1240132761516,94.0582816229389
37.8793698288595,94.1344193083701,94.0711962582322
38.0994789873455,94.1448253405886,94.0841108935255
38.3208671544809,94.1552313728071,94.0970255288189
38.5435417623198,94.165865630638,94.1095788535796
38.767510286102,94.1768925302895,94.1215105757786
38.9927802445048,94.187919429941,94.1334422979777
39.2193591998945,94.1989463295925,94.1453740201767
39.4472547585812,94.209973229244,94.1573057423758
39.6764745710733,94.2210001288955,94.1692374645748
39.9070263323351,94.232027028547,94.1811691867739
40.1389177820443,94.2392727686164,94.1901232300005
40.3721567048526,94.2385568516595,94.1928074350471
40.6067509306467,94.2378409347026,94.1954916400936
40.8427083348109,94.2371250177457,94.1981758451402
41.0800368384919,94.2364091007888,94.2008600501868
41.3187444088645,94.2356931838319,94.2035442552333
41.5588390593991,94.234977266875,94.2062284602799
41.8003288501307,94.2376268598416,94.2118068274593
42.0432218879295,94.2429993453481,94.2197267395041
42.2875263267732,94.2483718308546,94.227646651549
42.5332503680202,94.2537443163611,94.2355665635938
42.7804022606856,94.2591168018675,94.2434864756386
43.0289903017178,94.264489287374,94.2514063876834
43.2790228362769,94.2696607706071,94.2592354742724
43.5305082580151,94.2698865245509,94.2648297696346
43.7834550093582,94.2701122784947,94.2704240649969
44.0378715817896,94.2703380324384,94.2760183603591
44.2937665161344,94.2705637863822,94.2816126557214
44.5511484028471,94.270789540326,94.2872069510836
44.8100258822993,94.2710152942698,94.2928012464459
45.0704076450701,94.2723507614073,94.2987994361641
45.3323024322378,94.274032353199,94.3049236023915
45.5957190356731,94.2757139449907,94.3110477686189
45.8606662983348,94.2773955367824,94.3171719348463
46.1271531145658,94.2790771285741,94.3232961010738
46.3951884303926,94.2807587203658,94.3294202673012
46.6647812438251,94.2806452686918,94.3333042502156
46.9359406051586,94.2797833386434,94.3362541450166
47.2086756172779,94.278921408595,94.3392040398177
47.4829954359629,94.2780594785466,94.3421539346187
47.7589092701957,94.2771975484981,94.3451038294197
48.0364263824698,94.2763356184497,94.3480537242207
48.3155560891014,94.2781579599902,94.3544064628699
48.5963077605415,94.2804371520083,94.3613383496366
48.8786908216913,94.2827163440264,94.3682702364032
49.1627147522177,94.2849955360445,94.3752021231699
49.4483890868723,94.2872747280626,94.3821340099365
49.735723415811,94.2893992956785,94.388129968173
50.0247273849162,94.2908866043752,94.3902686516506
50.3154106961205,94.292373913072,94.3924073351283
50.6077831077322,94.2938612217688,94.394546018606
50.9018544347635,94.2953485304655,94.3966847020836
51.1976345492593,94.2968358391622,94.3988233855612
51.4951333806291,94.3016113507187,94.4038894005088
51.7943609159799,94.3076933296969,94.4101185016044
52.0953272004519,94.313775308675,94.4163476026999
52.3980423375555,94.3198572876532,94.4225767037954
52.7025164895105,94.3259392666314,94.428805804891
53.0087598775871,94.3299637103318,94.4333209855571
53.3167827824494,94.3309613439519,94.435314842925
53.6265955445002,94.331958977572,94.4373087002928
53.9382085642283,94.332956611192,94.4393025576607
54.2516323025573,94.3339542448121,94.4412964150286
54.5668772811976,94.3355667859377,94.4437196231022
54.8839540829985,94.3390019601754,94.4474154596704
55.2028733523045,94.342437134413,94.4511112962385
55.5236457953118,94.3458723086506,94.4548071328067
55.8462821804284,94.3493074828882,94.4585029693749
56.1707933386351,94.3524550540246,94.4621325109407
56.4971901638493,94.3547362023779,94.4655623345616
56.8254836132908,94.3570173507311,94.4689921581825
57.1556847078493,94.3592984990844,94.4724219818034
57.487804532455,94.3615796474376,94.4758518054242
57.8218542364498,94.3596079715107,94.474777655349
58.1578450339627,94.3509032797137,94.4665728729279
58.4957882042851,94.3421985879167,94.4583680905067
58.8356950922505,94.3334938961197,94.4501633080856
59.1775771086146,94.3247892043227,94.4419585256644
59.5214457304386,94.3254666055171,94.4455403084165
59.8673125014748,94.3310151001531,94.4552415636966
60.2151890325536,94.3365635947892,94.4649428189766
60.5650870019736,94.3421120894252,94.4746440742567
60.9170181558936,94.3466846372511,94.4831595424468
61.2709943087268,94.3346454416012,94.4714915429001
61.6270273435377,94.3226062459513,94.4598235433534
61.9851292124405,94.3105670503014,94.4481555438067
62.345311937001,94.2985278546515,94.43648754426
62.7075876086396,94.2905859899329,94.4282981194377
63.0719683890375,94.2857061919462,94.4227083450015
63.4384665105449,94.2808263939596,94.4171185705653
63.8070942765918,94.275946595973,94.4115287961291
64.1778640621006,94.2703684835936,94.4054717477789
64.5507883139019,94.2620423051365,94.397575843456
64.9258795511524,94.2537161266794,94.389679939133
65.3031503657549,94.2453899482223,94.3817840348101
65.6826134227812,94.2370637697652,94.3738881304872
66.064281460897,94.2201783635903,94.3546268465671
66.4481672927901,94.2027548348457,94.3346510160226
66.8342838055998,94.1853313061011,94.314675185478
67.2226439613502,94.1679077773565,94.2946993549334
67.6132607973848,94.1521008533405,94.2773882904737
68.0061474268045,94.1367451818431,94.2608210580627
68.4013170389077,94.1213895103457,94.2442538256517
68.7987828996331,94.1060338388483,94.2276865932407
69.198558352005,94.094320321189,94.2138793568064
69.6006568165813,94.0840191485741,94.2011423845108
70.0050917919038,94.0737179759592,94.1884054122151
70.4118768549517,94.0634168033443,94.1756684399195
70.8210256615971,94.0512078761464,94.1617949440176
71.2325519470637,94.0383723060726,94.1475481325815
71.6464695263875,94.0255367359988,94.1333013211454
72.0627922948811,94.012701165925,94.1190545097093
72.4815342285995,94.0067880611058,94.1121444317862
72.9027093848101,94.0018721582811,94.1062912324494
73.3263319024637,93.9969562554564,94.1004380331126
73.7524160026701,93.9929986022761,94.0955182512123
74.1809759891745,93.9999601426105,94.1012347014027
74.6120262488386,94.006921682945,94.1069511515932
75.045581252123,94.0138832232794,94.1126676017836
75.4816555535732,94.0212497466806,94.1190441757198
75.9202637923081,94.0293092309899,94.1265502782408
76.3614206925114,94.0373687152992,94.1340563807617
76.8051410639262,94.0454281996084,94.1415624832827
77.2514398023518,94.06237677029,94.1554755706879
77.7003318901438,94.0825272381214,94.1716964888173
78.1518323967174,94.1026777059528,94.1879174069468
78.6059564790528,94.1231255011489,94.2050492570563
79.0627193822045,94.1449611473399,94.226433113556
79.5221364398127,94.1667967935309,94.2478169700558
79.9842230746182,94.1886324397219,94.2692008265555
80.4489947989803,94.2141059086002,94.2916766937323
80.9164672153971,94.2412169022967,94.3146441171885
81.3866560170299,94.2683278959932,94.3376115406447
81.8595769882295,94.2909095630586,94.3579083944533
82.3352460050664,94.3013559211128,94.3710500593011
82.8136790358635,94.311802279167,94.384191724149
83.2948921417326,94.3222486372212,94.3973333889969
83.778901477113,94.346551402764,94.4192567370316
84.2657232903142,94.3720530932935,94.4419399197787
84.7553739240612,94.397554783823,94.4646231025257
85.2478698160434,94.4179168206196,94.4871195786489
85.7432274994659,94.4352961558996,94.5095077030893
86.2414636036051,94.4526754911797,94.5318958275297
86.7425948543663,94.4684149527915,94.5514725567682
87.2466380748461,94.4817616057869,94.5669470610646
87.7536101858961,94.4951082587823,94.582421565361
88.2635282066918,94.5084834246333,94.5980019268238
88.7764092553035,94.5219490241848,94.6139180335169
89.292270549271,94.5354146237363,94.62983414021
89.8111294061817,94.5483687069294,94.6453017381488
90.3330032442519,94.5578947796465,94.657763581368
90.8579095829115,94.5674208523635,94.6702254245872
91.3858660433922,94.5768568021588,94.6827217745461
91.9168903493192,94.5851815164087,94.695643600232
92.4510003273056,94.5935062306587,94.7085654259179
92.9882139075517,94.6020408224266,94.7214091191026
93.5285491244462,94.6132279050916,94.7332653518385
94.0720241171718,94.6244149877566,94.7451215845743
94.6186571303146,94.6338262357,94.7556823733136
95.1684665144759,94.6305688360789,94.7570015793579
95.7214707268887,94.6273114364578,94.7583207854022
96.2776883320369,94.6240745250891,94.7589307125092
96.837138002279,94.620909352692,94.7570571217232
97.3998385184748,94.6177441802948,94.7551835309373
97.9658087706154,94.6105776621053,94.7495449749247
98.5350677584581,94.5965777352641,94.7374766956922
99.1076345921636,94.582577808423,94.7254084164596
99.6835284929379,94.568128302726,94.711326750787
100.262768793677,94.5533296260325,94.695681363555
100.845374939618,94.5385309493391,94.6800359763229
101.431366488987,94.5157297559494,94.6595762078645
102.020763113663,94.490944223183,94.6379226441782
102.613584599831,94.4678106629404,94.6177019913517
103.20985084865,94.4628692573663,94.6132611021772
103.809581876922,94.4579278517921,94.6088202130028
104.412797817761,94.4553019179117,94.6079602646421
105.019518921271,94.4560449938601,94.6123105828682
105.629765555225,94.4567880698085,94.6166609010943
106.243558205749,94.4694147436657,94.6316874180676
106.860917478009,94.4855456594092,94.6498621383985
107.481864096905,94.5002427628325,94.6671933806839
108.106418907762,94.5082656413464,94.6805983335226
108.734602877037,94.5162885198604,94.6940032863613
109.366437093015,94.5289738653335,94.7104360476518
110.001942766523,94.5445185857921,94.7287256885349
110.641141231639,94.5599162964074,94.746890795774
111.284053946408,94.5739939301414,94.763937651467
111.930702493565,94.5880715638753,94.78098450716
112.581108581256,94.6013173185626,94.7971923175324
113.23529404377,94.6140462699607,94.8128788725815
113.89328084227,94.6274435212213,94.8291242684093
114.555091065531,94.6441353781095,94.848124655039
115.220746930679,94.6608272349978,94.8671250416687
115.890270783943,94.6724451606742,94.8822182600285
116.563685101399,94.682413998707,94.8960416024979
117.241012489727,94.6943897648171,94.911377827511
117.92227568697,94.7097235980426,94.9292454641762
118.607497563297,94.724958750466,94.9470312385734
119.29670112177,94.7364731994272,94.9617304427629
119.989909499119,94.7479876483884,94.9764296469524
120.687145966515,94.7588223429706,94.9913362084166
121.388433930353,94.7693781983955,95.0063278290279
122.093796933039,94.7786205818953,95.0199364487986
122.803258653778,94.7860719036054,95.0316591965431
123.51684290937,94.7939537907472,95.043713970575
124.234573655009,94.8039844140099,95.0574257212805
124.95647498509,94.8140150372726,95.0711374719859
125.682571134012,94.8212122984023,95.0819422007947
126.412886476998,94.8282283622094,95.0925610216398
127.147445530909,94.8349493560058,95.1023934052132
127.886272955069,94.8415673354798,95.1119512291918
128.629393552091,94.8476054506421,95.1200038317553
129.376832268712,94.8532065062459,95.1269219078551
130.12861419663,94.8587489066903,95.1343176148724
130.884764573343,94.8642123300401,95.1423564350015
131.645308783002,94.8676662430142,95.1480960106711
132.410272357258,94.8666145884897,95.1486803996676
133.179680976122,94.867494195886,95.1505034529753
133.953560468825,94.8753679911715,95.1568124078751
134.731936814688,94.881046870035,95.1619287189028
135.514836143992,94.8742260991791,95.1602531400475
136.302284738855,94.8682226252385,95.1588935302154
137.094309034114,94.8690527470772,95.1601758055336
137.890935618217,94.8699395200903,95.1613775124164
138.692191234107,94.8714121773181,95.161745983714
139.498102780129,94.872907100221,95.1621548164444
140.308697310926,94.8746195595621,95.1629579818087
141.124002038352,94.8757903551692,95.1633386861994
141.944044332381,94.8730015672026,95.1606311839649
142.76885172203,94.870935332946,95.1587486411323
143.598451896281,94.8723940802185,95.1608906664578
144.43287270501,94.8726817845156,95.1609632646775
145.272142159926,94.8692950419302,95.1545425060027
146.116288435504,94.865637262109,95.1495227427736
146.965339869937,94.8614403687889,95.1472896651254
147.819324966087,94.8610332885886,95.1457375952861
148.678272392436,94.8652907110619,95.1450237099811
149.542210984057,94.8629517932226,95.1402967351708
150.411169743576,94.8558826989559,95.1326920098989
151.285177842146,94.8522371826186,95.1289669808923
152.164264620428,94.8498168629485,95.1266303797328
153.048459589578,94.8516730620539,95.1279459547575
153.937792432232,94.8535918108588,95.1291028545759
154.832293003506,94.8523664206964,95.1257230593157
155.731991332001,94.8491796789102,95.121363790329
156.636917620804,94.8417125030263,95.1148669277125
157.547102248508,94.8412692459221,95.1139523740548
158.46257577023,94.8467130145542,95.117716575596
159.383368918634,94.8419268664311,95.1152509745545
160.309512604969,94.8349565784706,95.111208431728
161.241037920099,94.8363258113068,95.1081743684407
162.177976135554,94.8343351776251,95.1041810017013
163.120358704573,94.8258172874495,95.0983239836372
164.068217263166,94.8259900139691,95.0984957770089
165.021583631172,94.8310642894578,95.1020678485789
165.980489813328,94.8244300786223,95.0976256916497
166.944968000345,94.8190455060874,95.0941917296954
167.915050569988,94.8180981947004,95.0941729247587
168.89077008816,94.8148139576953,95.0936983046752
169.87215931,94.8101947119254,95.0929610470977
170.85925118098,94.8070260015298,95.0864451360871
171.852078838011,94.803265804786,95.0805333508521
172.850675610555,94.7985395924632,95.0756082239103
173.855075021745,94.8007023080371,95.080774877283
174.865310789511,94.8028775238943,95.0860247806239
175.88141682771,94.796170557273,95.0785518649084
176.903427247264,94.7878588897025,95.0717174805141
177.93137635731,94.7787862913926,95.0652617828859
178.965298666345,94.7755367127913,95.0580863164025
180.00522888339,94.7751249001328,95.0560974839717
181.051201919151,94.7775801349184,95.0593488039016
182.103252887193,94.7814359991192,95.0595627049016
183.161417105121,94.7788400449236,95.0555008378834
184.225730095761,94.7680518502683,95.0462002502911
185.296227588355,94.7683832416747,95.0414778312571
186.372945519761,94.7686155257255,95.0376347635288
187.455920035658,94.7677457518274,95.0345047249827
188.545187491761,94.7664420796937,95.0343481892852
189.640784455039,94.7671060026215,95.0332017395873
190.742747704945,94.7695392579645,95.0308067331271
191.85111423465,94.7636512920231,95.0258633545372
192.965921252284,94.7569449086122,95.019204891565
194.087206182187,94.7511556920183,95.0130354337355
195.215006666162,94.7533225822186,95.0158690442996
196.349360564742,94.750398093268,95.0090912750277
197.490305958459,94.7456452851227,95.0020740462179
198.637881149125,94.7408709730298,95.0015978792904
199.792124661113,94.7353300182635,94.9953635648876
200.953075242656,94.7297522700459,94.9917872980307
202.120771867142,94.7252948493028,94.99053689144
203.295253734427,94.7262657454216,94.9879997504023
204.476560272151,94.7249052984782,94.9824022763442
205.664731137055,94.7245423942256,94.9788585447436
206.859806216323,94.7260445279148,94.9784621570197
208.061825628909,94.7272146661446,94.9759109884469
209.270829726896,94.7205588095351,94.9703988635598
210.486859096839,94.718066175485,94.9659411154622
211.709954561137,94.7227604374226,94.9642649280081
212.940157179398,94.7237346706381,94.9654422289949
214.17750824982,94.7153281326989,94.9557222096225
215.422049310573,94.7139775149272,94.9516393978483
216.673822141201,94.7173539658407,94.9519739296374
217.932868764017,94.7130855317038,94.9464476958201
219.199231445519,94.7063434943447,94.9366531504338
220.472952697806,94.7001788548613,94.9277109577548
221.754075280005,94.6931875629627,94.9201444589897
223.042642199709,94.6882016454352,94.9149168101765
224.338696714419,94.6944933615286,94.9137942090008
225.642282332995,94.6849227940731,94.9065192286
226.953442817121,94.6817938843293,94.8984305542734
228.272222182766,94.6775910425371,94.8913628434111
229.598664701672,94.6721001285511,94.8866649147598
230.932814902832,94.6695528951843,94.8832307646393
232.274717573988,94.6656398949912,94.8696897990772
233.624417763135,94.6617435373221,94.8642306684068
234.981960780031,94.6559635641553,94.8498123777402
236.347392197723,94.6486131106238,94.8435230244571
237.720757854069,94.6477620422871,94.8412532324027
239.102103853284,94.6484930358056,94.8293101202655
240.491476567486,94.6197457194824,94.8114428323393
241.888922638248,94.6176443506205,94.8094213723407
243.294488978172,94.6081043941846,94.7968335686208
244.708222772457,94.5452859931269,94.774278684328
246.130171480484,94.5369428259811,94.7399765535499
247.560382837414,94.6357500992099,94.7688007957767
248.998904855784,94.6806018397686,94.8034548713319
250.445785827124,94.6042884311141,94.7760913417143
251.901074323575,94.6126279987726,94.7739873549451
253.364819199521,94.5900077175584,94.7617952046113
254.837069593229,94.5816612746489,94.7543933291209
256.317874928498,94.5838633256252,94.7469723821032
257.807284916318,94.5809517621512,94.746895431503
259.305349556539,94.5977514478904,94.7481953272585
260.812119139551,94.5830269778667,94.7381760093223
262.32764424797,94.5828033145237,94.7332950564096
263.851975758338,94.5907210062912,94.7318719038322
265.38516484283,94.5859537961774,94.7225889415603
266.92726297097,94.572534476138,94.7111837373473
268.478321911363,94.5624922010666,94.7040196056288
270.038393733429,94.5598791936123,94.7025476228727
271.607530809154,94.5463879397564,94.6915808852229
273.185785814846,94.5353266859657,94.6792968296692
274.773211732903,94.537891177366,94.6785958349008
276.369861853596,94.5312201983644,94.673024842713
277.975789776851,94.5270961165371,94.6672506034689
279.591049414054,94.5271883008962,94.6641909631208
281.215694989859,94.5223086551252,94.6559085069155
282.849781044007,94.5141487378397,94.6466922864982
284.493362433159,94.512907964491,94.6436824865351
286.146494332737,94.5182260607644,94.6443608601139
287.809232238775,94.5116109851234,94.6399735904731
289.481631969784,94.5061602361951,94.6322453563851
291.163749668623,94.4993812561874,94.6262141642449
292.855641804388,94.4934006382575,94.6210721425537
294.557365174303,94.4892760560082,94.6166352941352
296.26897690563,94.4770432509805,94.599077529145
297.990534457586,94.4719157035303,94.5994739013441
299.72209562327,94.4654991808792,94.5839172671639
301.463718531606,94.4547966036914,94.5749323887659
303.215461649293,94.4481073417606,94.5701016734553
304.977383782768,94.4482850006809,94.5676065280995
306.74954408018,94.443621082844,94.5626381379622
308.532002033374,94.438354451803,94.5577220740856
310.324817479892,94.4322098016633,94.5523856782194
312.128050604978,94.4290792000029,94.5506486983782
313.941761943602,94.4180069522991,94.5356250942766
315.766012382487,94.4209655111772,94.5380044751215
317.600863162159,94.3968553516907,94.5202692855338
319.446375878999,94.3993315251246,94.5212666577571
321.302612487311,94.391077092798,94.5071314132191
323.169635301403,94.3717138615958,94.4815574781892
325.047506997679,94.3803936180947,94.4835103700165
326.936290616743,94.3633416818575,94.4733997123762
328.836049565514,94.3727711721415,94.4568816895854
330.746847619355,94.3643987825554,94.4707233293346
332.668748924215,94.3542849864042,94.4506339284838
334.601817998783,94.3484516707713,94.4417028883544
336.54611973665,94.3309340696328,94.4232261442106
338.501719408494,94.3438062839167,94.4301512175612
340.468682664262,94.3284836970535,94.4159871058665
342.447075535385,94.3194387110417,94.4062656950625
344.436964436986,94.3129281458766,94.397794344207
346.438416170112,94.3014658182179,94.3849660931738
348.451497923977,94.3055656535248,94.3797163385833
350.47627727822,94.2964664402847,94.3671846276223
352.512822205169,94.2977275506982,94.3610313591078
354.561201072126,94.2878499618564,94.3562119105936
356.621482643661,94.274764435688,94.3464790813644
358.69373608392,94.2778044465497,94.3406309223421
360.778030958949,94.2748522125239,94.3243773314417
362.874437239026,94.267538687721,94.3147106005748
364.983025301014,94.2664229449605,94.3127316120147
367.103865930719,94.2704483678508,94.301680394296
369.237030325269,94.2412515041333,94.2976552721943
371.382590095507,94.2312753734989,94.2822667937846
373.540617268387,94.2432595264353,94.2710371553353
375.7111842894,94.2367001239977,94.2683547243469
377.894364025,94.2236732685656,94.2560453052524
380.090229765057,94.224376951298,94.2479852404447
382.298855225309,94.2202220170307,94.2394273219382
384.520314549843,94.2106990585554,94.2316477056634
386.754682313581,94.2148382785813,94.2286057653119
389.002033524785,94.2041722942213,94.2199022623103
391.262443627574,94.2021016795883,94.2142143680247
393.535988504459,94.1955247377874,94.2000834258195
395.822744478885,94.1829625098552,94.193016989579
398.1227883178,94.177925275335,94.1869129847042
400.436197234227,94.1792619997642,94.1729751384756
402.763048889858,94.1621673087886,94.1645208528024
405.103421397661,94.1610214579452,94.1715565015904
407.457393324503,94.1673063574103,94.1603891822239
409.825043693787,94.1463624969324,94.1506266119943
412.206451988103,94.1923068303131,94.1583294107358
414.601698151899,94.1597938320931,94.1352333572982
417.010862594163,94.1487882776021,94.1299846737409
419.434026191123,94.1500488920515,94.130130506857
421.871270288964,94.1451764064654,94.1131177297095
424.322676706553,94.1277457928341,94.0978033059303
426.788327738192,94.1303128351809,94.0962384679494
429.268306156379,94.1252918184263,94.0872280255335
431.762695214583,94.1187915267726,94.0825665953716
434.271578650043,94.1200114085757,94.0711435496533
436.795040686579,94.110240059264,94.0588814541769
439.333166037416,94.1106273582247,94.0545373638477
441.886039908031,94.1069266800548,94.04629303147
444.453747999012,94.1010587466216,94.0383092180605
447.036376508937,94.0962594381655,94.0188976915409
449.634012137263,94.0967680984574,94.0139181416325
452.246742087242,94.0910714458857,94.0087191919643
454.874654068845,94.0815055154536,93.995843734297
457.517836301707,94.0825561926528,93.9873307667034
460.176377518092,94.0745390675745,93.9820747337963
462.850366965863,94.0754335494274,93.9790442252867
465.53989441149,94.0691158019914,93.9729803540349
468.245050143053,94.0757445696817,93.9653751055834
470.96592497328,94.0746763742517,93.9563384207479
473.702610242591,94.0867119802037,93.9624154268668
476.455197822167,94.0614385359983,93.949739215272
479.223780117034,94.0749541311026,93.9317734416681
482.008450069163,94.0576815679627,93.9214044025648
484.809301160593,94.0570437911118,93.9131436972384
487.626427416567,94.0431639661855,93.887659130034
490.459923408688,94.0294289040232,93.8633110714482
493.309884258098,94.0390456216158,93.8748467357911
496.176405638666,94.0562193047873,93.8719881396383
499.059583780201,94.0463237724062,93.8624451928274
501.959515471686,94.0472260429463,93.8656354261963
504.876298064524,94.042540009428,93.8479512239709
507.810029475806,94.0258640674591,93.8356895193842
510.760808191599,94.0095342647225,93.8222240623924
513.728733270252,94.0035427604387,93.8027743381897
516.713904345723,94.0043940822161,93.7994369628453
519.71642163092,93.9992015976713,93.8045828175803
522.736385921069,93.9941364739202,93.7859032641024
525.773898597095,94.0023981634719,93.7847200208051
528.829061629029,93.9882580972716,93.7805535083609
531.901977579426,93.9876969474263,93.7744549248435
534.992749606811,93.9877117692156,93.771195916385
538.101481469143,93.9754541970699,93.7603006035735
541.228277527296,93.9750708093005,93.764113570887
544.373242748565,93.9609640512657,93.762877361833
547.536482710185,93.9544283992564,93.7615989293588
550.718103602882,93.9638325444679,93.7612394751193
553.918212234432,93.9744432227813,93.7559987249949
557.13691603325,93.9851622493822,93.7607127930533
560.374323051993,93.977900894476,93.7459285298586
563.630541971193,93.9748588935573,93.7451179101838
566.9056821029,94.0411736167855,93.7474184691241
570.199853394353,93.9434077542078,93.7308269464886
573.513166431673,93.9478834643899,93.7129743392999
576.845732443574,93.6892349934838,93.7628447183409
580.197663305096,93.8695302756344,93.7169101040553
583.569071541362,93.9078836205177,93.707655396823
586.960070331356,93.9376852043188,93.6879640970325
590.370773511721,93.9367819139547,93.6838777758046
593.801295580579,93.933456727061,93.6802886675833
597.251751701381,93.9149738436523,93.6850659610013
600.722257706766,93.9282008687795,93.6681199144103
604.212930102452,93.9267542141056,93.6605708244427
607.723886071151,93.9251831378186,93.662518271773
611.255243476496,93.9154269728958,93.6504086321076
614.807120867001,93.9185576880909,93.6427100578902
618.379637480044,93.9117157231315,93.6417141451252
621.972913245864,93.907412991101,93.6042213678248
625.587068791591,93.8955901340537,93.6247198253419
629.222225445293,93.8931711501227,93.6271353935352
632.87850524005,93.9281453545506,93.6270770108587
636.556030918054,93.9226189684732,93.6281462808441
640.254925934722,93.9363998829174,93.6247907054515
643.975314462849,93.9500807617781,93.6253208279514
647.717321396771,93.9731025831244,93.614055041824
651.481072356555,93.9594510102552,93.6252153167347
655.266693692227,93.9832468417072,93.6114746200171
659.074312488001,94.013475854604,93.6122732775886
662.904056566555,94.006710214584,93.6210492529373
666.756054493316,94.0104131248109,93.6129363874455
670.630435580779,94.034564997584,93.6258824216652
674.527329892845,94.0508617768083,93.6267255428209
678.446868249193,94.0594506707638,93.6270803096497
682.389182229664,94.0682889129009,93.6399275152594
686.354404178685,94.0718737107477,93.6423840440169
690.342667209708,94.0957288662062,93.6419380572898
694.354105209679,94.1215856119836,93.6503217680708
698.388852843536,94.1362512916727,93.6632285180617
702.447045558723,94.1461019987973,93.6782675337918
706.528819589744,94.1608544437909,93.6871659713077
710.634311962731,94.164647259385,93.7110269090302
714.76366050005,94.176624087116,93.735865227806
718.917003824921,94.1897431495071,93.7400540294861
723.094481366075,94.192709365712,93.7682306535271
727.296233362436,94.1904145883633,93.7911058978321
731.522400867827,94.1955115605997,93.8099559725361
735.773125755704,94.2141704667564,93.8126850965604
740.048550723922,94.2210549960786,93.8625133323963
744.348819299522,94.2092976582217,93.8842150435206
748.674075843552,94.217319218441,93.9026261517693
753.024465555913,94.2236036030781,93.9464749456515
757.400134480229,94.2425736278502,93.9762160922923
761.801229508758,94.2600096358055,93.986979027451
766.227898387314,94.2511955399968,94.0190276687395
770.680289720234,94.2647011121045,94.0425569312191
775.158552975363,94.2647691277161,94.0449433097775
779.662838489073,94.2804343440405,94.0775461344871
784.193297471308,94.2893248618174,94.1101671835143
788.750082010665,94.3016129567887,94.1254398088055
793.333345079493,94.3218781109121,94.1047658774355
797.943240539033,94.3009570188225,94.1251393984942
802.579923144581,94.3269130929264,94.1361583124017
807.243548550684,94.3403697220491,94.1464538144552
811.934273316368,94.3493194411642,94.1538658832285
816.652254910385,94.38043528872,94.1848719829194
821.397651716512,94.4066754504768,94.2128856663718
826.170623038857,94.4182631464003,94.2231863170825
830.971329107213,94.4265776146337,94.2441920444607
835.799931082433,94.4433152223446,94.2666182088332
840.656591061845,94.4519106155209,94.2725279308527
845.541472084689,94.4855545609581,94.2882420070369
850.454738137593,94.5012716817517,94.3178472671087
855.396554160077,94.5284366149504,94.3350463024946
860.36708605009,94.555239539371,94.3558766484044
865.36650066958,94.5836474703884,94.3855581695322
870.394965850096,94.6269462677852,94.4034034540653
875.45265039842,94.6508212728638,94.4463257696375
880.539724102235,94.6866317916047,94.485234663185
885.656357735827,94.7239275861942,94.518293337183
890.802723065812,94.748984033747,94.5403078733205
895.978992856911,94.7807672680796,94.5868322775567
901.185340877743,94.8250671844759,94.5987927849768
906.421941906658,94.8385554757914,94.6342671301052
911.68897173761,94.8781203318503,94.6818335509831
916.986607186054,94.9143426699355,94.6992341133198
922.315026094883,94.9228717605739,94.713876696229
927.674407340397,94.9496237887305,94.7489258298556
933.06493083831,94.9789237852746,94.7652401700948
938.486777549791,95.0057694276759,94.8001862974138
943.940129487533,95.0442007694561,94.8312868418908
949.42516972187,95.0525617869022,94.9010340739585
954.942082386918,95.0895165634906,94.9229821779912
960.491052686758,95.0875577961146,94.9499128395377
966.072266901654,95.1226906021979,94.9848281882416
971.685912394308,95.1456481063155,95.0006385482664
977.332177616144,95.1856130933824,95.0605860518045
983.011252113641,95.2000912191256,95.0729885472526
988.723326534691,95.2404941560096,95.1109723911073
994.468592635004,95.2807534952075,95.1567113209349
1000.24724328454,95.304854028729,95.1875807353483
1006.05947247399,95.3514856404217,95.2292668263157
1011.90547532128,95.3848874805195,95.2505282334321
1017.78544807813,95.4336034861678,95.292987818265
1023.69958813663,95.469305160905,95.3125127653033
1029.64809403589,95.4997007145231,95.3557841976202
1035.63116546867,95.5456261751765,95.3884851647015
1041.64900328813,95.576975559604,95.4179788060793
1047.70180951451,95.6043207360201,95.4541607987836
1053.78978734197,95.6390537341872,95.4936518612878
1059.9131411454,95.671465891573,95.5301951156305
1066.07207648724,95.7156686284367,95.5481038199721
1072.26680012444,95.7504429594015,95.5668310606993
1078.49752001535,95.7802041754568,95.6081171673812
1084.76444532673,95.8114652433903,95.6534239057319
1091.06778644077,95.857942256242,95.6763293295754
1097.40775496215,95.8870979042249,95.6996311163709
1103.78456372513,95.9331388894787,95.7249849503818
1110.1984268007,95.9603996527822,95.7477985387128
1116.64955950379,95.9891004850719,95.7896184102432
1123.13817840048,96.0100841786172,95.7918659391289
1129.66450131525,96.0426958589378,95.8187122625152
1136.22874733833,96.063377678679,95.8427238884696
1142.83113683304,96.0925318788215,95.8960702628931
1149.47189144317,96.1061938442251,95.9458562456852
1156.15123410045,96.1383141103856,95.9814232241056
1162.86938903202,96.1660404859158,96.0226654027093
1169.62658176794,96.2041694390514,96.0639347803932
1176.4230391488,96.2377403685587,96.0879832891163
1183.2589893333,96.2663716914453,96.0986143876636
1190.13466180594,96.2876130963386,96.1256691574187
1197.05028738468,96.3020883649814,96.1542661599691
1204.00609822874,96.3137603676,96.1999534433363
1211.00232784635,96.3587731564205,96.224699222569
1218.03921110262,96.3891281172374,96.2450311221411
1225.11698422741,96.4327677421649,96.2641124153082
1232.23588482326,96.4622536841809,96.2845835116378
1239.39615187337,96.484390125022,96.27516471277
1246.59802574963,96.4921937669342,96.3094711608108
1253.84174822067,96.536035055222,96.3386393169993
1261.12756245998,96.5795405085722,96.3509207378263
1268.45571305411,96.5882524046588,96.360207603808
1275.82644601082,96.5992647922261,96.3765072282011
1283.24000876739,96.6381384552369,96.37780817607
1290.6966501989,96.6406863005085,96.4049707664166
1298.19662062658,96.6573509769224,96.4175266561961
1305.74017182626,96.6731486460401,96.4365673782066
1313.32755703674,96.7050486092929,96.4564419441598
1320.95903096838,96.7117760898066,96.485460569301
1328.63484981158,96.7198798236578,96.5062371492633
1336.35527124542,96.7409535688976,96.5315420768059
1344.1205544463,96.7632308042464,96.5473258582486
1351.93096009665,96.7842835608651,96.5661736141853
1359.78675039365,96.8079187818426,96.57665531921
1367.68818905806,96.8153959432174,96.618715117968
1375.63554134309,96.8512194266792,96.6379288153755
1383.62907404325,96.8784662791958,96.6658744712402
1391.66905550335,96.9061677694277,96.6783071448879
1399.7557556275,96.9473890545092,96.6928117193468
1407.88944588816,96.9960416748883,96.7024415610017
1416.07039933527,97.0090228385101,96.7235828342865
1424.29889060539,97.0456027775647,96.7509712323263
1432.57519593096,97.0805057598951,96.7790946590163
1440.89959314952,97.1014971028481,96.8090685389207
1449.27236171309,97.1305775930922,96.8276801623623
1457.69378269751,97.1683975559263,96.8428053838493
1466.16413881192,97.1907010076237,96.8740107257747
1474.68371440819,97.2167314580559,96.8882064911571
1483.25279549053,97.2551239293723,96.913053428603
1491.87166972504,97.2936493829092,96.936095099333
1500.54062644939,97.3069937161742,96.958333533547
1509.25995668255,97.3340989738831,96.9836506086543
1518.02995313452,97.3521000006065,96.9932585250027
1526.85091021618,97.3684021729836,96.9967085010473
1535.72312404919,97.3969024491077,97.0476235716385
1544.64689247588,97.4541411519334,97.0687532788261
1553.62251506931,97.518180286006,97.07898631481
1562.65029314328,97.5643785585989,97.0986317443487
1571.73052976246,97.5914364021192,97.0917565679903
1580.86352975258,97.6412519686214,97.1350411172699
1590.04959971064,97.6459413868948,97.1323552294844
1599.2890480152,97.7140640952078,97.1515611993411
1608.58218483677,97.7557005874684,97.1795868353779
1617.92932214818,97.7564137000443,97.1869712640547
1627.33077373506,97.8153701092761,97.2218379810433
1636.78685520641,97.8363203157463,97.2208317575436
1646.29788400515,97.8526234879342,97.2199472778851
1655.8641794188,97.8683095773661,97.2324303443639
1665.48606259018,97.9155256786574,97.2584942106591
1675.16385652823,97.9120201435012,97.2592225094754
1684.8978861188,97.9227028923124,97.2584793068453
1694.68847813562,97.9379841424923,97.2677613983729
1704.53596125119,97.9265091509773,97.2886075911091
1714.44066604789,97.94872343283,97.2829001201733
1724.40292502904,97.9503091346701,97.2837657365848
1734.42307263006,97.9675231680869,97.304443949617
1744.50144522972,97.9987615073638,97.3204315935679
1754.63838116138,98.0329401932861,97.3387542684393
1764.83422072443,98.064889445051,97.3211524670667
1775.08930619565,98.0970736388345,97.3629760982239
1785.40398184072,98.1710245205518,97.3601739377725
1795.77859392576,98.1880913395241,97.3335078576054
1806.21349072901,98.2120601304665,97.3564398963816
1816.70902255244,98.2419904783822,97.3630374138917
1827.26554173358,98.2914915675941,97.3829308562742
1837.88340265731,98.317874107157,97.3640760957054
1848.56296176776,98.3663424615784,97.3878572525257
1859.30457758031,98.3708004996721,97.4245007182734
1870.10861069357,98.4187645965204,97.4528750868406
1880.97542380151,98.4880705036245,97.4792073245867
1891.90538170568,98.5133626959997,97.4814288086778
1902.89885132737,98.5622991531545,97.4692237500724
1913.95620171999,98.603969080911,97.4691652787442
1925.07780408146,98.6341511203567,97.4935104618784
1936.26403176663,98.6712687385222,97.4578151405923
1947.51526029985,98.704999175588,97.4826497744354
1958.83186738755,98.7431861980208,97.538770650609
1970.21423293096,98.8153220838242,97.5543533410427
1981.66273903882,98.881678721875,97.5757749104866
1993.17777004022,98.8722227920117,97.5628093637165
2004.75971249751,98.9302046919791,97.56539932787
2016.40895521929,99.022386076113,97.63999957134
2028.12588927342,99.0499138352915,97.6480661286865
2039.9109080002,99.1146127213355,97.6621871432159
2051.76440702552,99.1322237414889,97.7101551389582
2063.6867842742,99.1863646556594,97.7780613271499
2075.67843998329,99.2250621661094,97.8466864202366
2087.73977671556,99.2460557851379,97.8728435264465
2099.87119937298,99.2860918673782,97.9327040954282
2112.07311521031,99.2663538285372,97.9564151725117
2124.34593384879,99.2589346846983,97.9797521453146
2136.6900672899,99.280085712837,98.0589021972364
2149.10592992915,99.292154943608,98.1192535894245
2161.59393857003,99.3249042996876,98.2041477284206
2174.15451243798,99.3817674666494,98.2861006523927
2186.78807319449,99.422359212696,98.3453630850035
2199.49504495122,99.4443865270625,98.4761719579282
2212.27585428426,99.5239348380391,98.625253428453
2225.13093024844,99.595739483723,98.7162045451755
2238.06070439175,99.6737636210178,98.8400578404888
2251.0656107698,99.7417438265546,98.9504810844946
2264.14608596044,99.7814012141078,99.090798315602
2277.30256907833,99.8022784612184,99.2110811870381
2290.53550178979,99.8623156298302,99.3513364036875
2303.84532832753,99.912477655749,99.4643154775916
2317.23249550563,99.9619214271714,99.5749437114118
2330.6974527345,100.00224247158,99.7639983045399
2344.24065203598,100.120206954862,99.9100154129763
2357.86254805852,100.163681021693,100.025817615519
2371.56359809244,100.259693731084,100.183679793023
2385.34426208528,100.33556041959,100.330871350409
2399.20500265724,100.413013704096,100.421328544169
2413.14628511669,100.607961266175,100.569599846325
2427.16857747583,100.79899215673,100.659950076584
2441.27235046639,100.990770190441,100.682570897642
2455.45807755541,101.211347628274,100.724902920047
2469.72623496115,101.363092472367,100.749150876305
2484.07730166907,101.505489063419,100.839580196887
2498.51175944793,101.625156215218,100.899580378825
2513.03009286593,101.735704712551,100.906984773997
2527.63278930702,101.89335684288,100.953157244231
2542.32033898721,101.94866346829,100.92376931249
2557.09323497108,101.996170974338,100.995893440805
2571.95197318828,101.989758372183,101.014583700819
2586.89705245022,102.053615411335,101.027377861602
2601.9289744668,102.042930617901,100.998799757026
2617.04824386325,102.033649341347,101.013070643529
2632.25536819706,102.041037248284,101.016339346811
2647.55085797505,102.043306557464,101.046684968715
2662.93522667047,102.028630018321,100.998420891727
2678.40899074029,102.072410964408,101.045809887427
2693.97266964246,102.086856041592,101.041800960308
2709.62678585343,102.078981409948,101.04508957782
2725.37186488562,102.083698908364,101.027737452979
2741.20843530513,102.152950748791,101.065407934454
2757.13702874941,102.227703422267,101.130853478434
2773.15817994518,102.207257732282,101.158218863931
2789.27242672631,102.229322005098,101.178445691489
2805.48031005195,102.274247382676,101.216796658997
2821.78237402462,102.314486680051,101.26249246914
2838.17916590852,102.357527676238,101.348538814526
2854.67123614788,102.36315579557,101.377692250293
2871.25913838547,102.336046047813,101.337975329727
2887.94342948113,102.382040536538,101.401493494794
2904.72466953053,102.474334691962,101.484095099592
2921.60342188392,102.528764123841,101.503212997118
2938.58025316506,102.624127277922,101.582043428279
2955.65573329026,102.730653436594,101.591326821707
2972.83043548747,102.837028007868,101.63752985391
2990.10493631557,102.975413903,101.700271199595
3007.4798156837,103.081563003226,101.727924565599
3024.95565687072,103.183500991208,101.709825502252
3042.53304654481,103.217489605666,101.708131247369
3060.21257478317,103.260113274046,101.763484235309
3077.9948350918,103.246756323443,101.769354585898
3095.88042442545,103.262682743613,101.803649623444
3113.86994320763,103.319731029822,101.82639891445
3131.9639953508,103.341297947488,101.858098343878
3150.16318827665,103.343467515297,101.907820579913
3168.46813293644,103.370019907581,101.913932048981
3186.87944383155,103.420150805729,101.965796008003
3205.39773903412,103.452458961736,101.99923308678
3224.02364020774,103.484883990756,102.077130775379
3242.7577726284,103.471448872595,102.126922248882
3261.60076520541,103.467950219068,102.237996844007
3280.55325050255,103.454154025509,102.336487157552
3299.6158647593,103.440213471632,102.418054638682
3318.7892479122,103.395994107184,102.516450787839
3338.07404361632,103.416432795197,102.581454292947
3357.47089926687,103.386315504352,102.632126104831
3376.98046602095,103.354604859283,102.703011575346
3396.6033988194,103.358494317159,102.716695261884
3416.34035640878,103.410248152353,102.738656971974
3436.19200136349,103.461489771282,102.795804368523
3456.15900010801,103.434443680735,102.819706445305
3476.24202293929,103.424070719762,102.820300057729
3496.44174404922,103.386968220001,102.811026369074
3516.75884154727,103.367165666974,102.819906843573
3537.19399748329,103.344126177608,102.80820192654
3557.74789787036,103.341270742868,102.806084969975
3578.42123270786,103.374250180558,102.791883695483
3599.21469600459,103.367234434559,102.794665938174
3620.1289858021,103.336706262824,102.734699678286
3641.16480419812,103.323879308371,102.675255607493
3662.32285737011,103.315207418983,102.637129966686
3683.60385559901,103.277197304853,102.569061596215
3705.00851329301,103.241317722799,102.470626610769
3726.53754901163,103.235912321123,102.427212240417
3748.19168548974,103.217550061596,102.363043670888
3769.97164966192,103.195922670897,102.278689574875
3791.87817268678,103.155341980386,102.197783338231
3813.91198997155,103.090749147733,102.101142952042
3836.07384119676,102.987884585258,101.979968088197
3858.36447034109,102.91934883603,101.902803810792
3880.78462570628,102.847862409936,101.773734020495
3903.33505994235,102.737691060493,101.669802921023
3926.01653007277,102.62991063174,101.596665833236
3948.82979751995,102.5790382674,101.515394475816
3971.77562813074,102.499123142707,101.391031467729
3994.85479220217,102.418106542021,101.202911885565
4018.06806450733,102.322993516152,101.041908827551
4041.41622432133,102.304709590606,100.849313673545
4064.90005544751,102.23675223957,100.600030166069
4088.5203462437,102.153451619705,100.406826751417
4112.27788964873,102.104028301357,100.21110702142
4136.17348320903,101.9629035061,100.023038535485
4160.20792910542,101.822704813175,99.8623081511814
4184.38203418001,101.733922373124,99.6887458557098
4208.69660996329,101.584470048498,99.4339890455195
4233.15247270143,101.420222912467,99.1471533492019
4257.75044338359,101.199749624024,98.7924958508072
4282.49134776955,100.931294396463,98.5197882097897
4307.37601641741,100.556291483337,98.1478764209007
4332.40528471146,100.26508561334,97.8429380224997
4357.57999289025,99.9460264355516,97.5308293601202
4382.90098607477,99.5082078222388,97.3616725187156
4408.36911429682,99.1634044148058,97.2169495824379
4433.9852325276,98.8532232612477,97.0962938835887
4459.75020070632,98.5548559387965,97.0269656072392
4485.66488376916,98.2714455945639,97.0754750787874
4511.73015167824,98.0606046561904,97.1189370196392
4537.94687945086,97.7253661041912,97.1745139714082
4564.31594718886,97.563724482829,97.2688023708762
4590.83824010816,97.3650573745332,97.4099048557278
4617.51464856851,97.2474683931978,97.6037912033951
4644.34606810334,97.2314303642518,97.6358680525896
4671.33339944983,97.2788386538007,97.8490233316178
4698.47754857917,97.3553733910529,97.9050884072147
4725.77942672697,97.3364647379729,97.9441598717014
4753.23995042382,97.2885269610428,97.9828701645617
4780.86004152609,97.307873900147,98.0904826316779
4808.64062724685,97.4146626402899,98.1320264944336
4836.58264018705,97.5052478179667,98.1799491110704
4864.68701836676,97.6013213143657,98.1835752508434
4892.9547052567,97.7479969035486,98.1975173820279
4921.38664980989,97.890254352737,98.1925944532572
4949.98380649353,98.0389039109689,98.1358304867907
4978.74713532104,98.1856122833301,98.1764697871011
5007.67760188426,98.2705505819457,98.1459844704695
5036.7761773859,98.3897643019425,98.1831623362496
5066.04383867212,98.5077342103045,98.1620089014332
5095.48156826533,98.6283717327738,98.1827076615606
5125.09035439717,98.7438488186228,98.2064802055555
5154.87119104169,98.8663118020057,98.2279680031974
5184.82507794873,98.983481989043,98.2948176371401
5214.95302067745,99.0922994047687,98.347930802371
5245.25603063013,99.2178303753037,98.4086849808856
5275.73512508607,99.3588974407209,98.5139621850387
5306.39132723579,99.4322300366557,98.6149980915856
5337.22566621534,99.5031509192549,98.6734890756408
5368.23917714089,99.555833674844,98.7889736155107
5399.43290114344,99.6469242686362,98.8759170476036
5430.80788540378,99.7234984500893,98.8884136458445
5462.36518318766,99.7649376935048,98.9193397515142
5494.10585388113,99.801022838924,99.0407412511837
5526.03096302614,99.7782717341055,99.1171065290152
5558.14158235625,99.8244021470181,99.1721536752709
5590.43878983266,99.8275090622537,99.222822079059
5622.92366968036,99.8575298720317,99.2677434301156
5655.59731242457,99.8697810913854,99.2771250506639
5688.46081492732,99.8871426324786,99.3114625007309
5721.51528042426,99.9207651939442,99.3341006339633
5754.76181856173,99.9243447360188,99.37428337594
5788.201545434,99.9510051026498,99.4441703732712
5821.83558362071,99.9779755381329,99.5028970371558
5855.6650622246,100.022982707487,99.5051906288671
5889.69111690938,100.029196494644,99.5480410857423
5923.91488993787,100.049697239749,99.5376450791922
5958.33753021034,100.078517512869,99.5264794759795
5992.96019330308,100.091317301542,99.5375278169473
6027.78404150719,100.100141565716,99.5660095254169
6062.81024386762,100.07529160025,99.523539245176
6098.03997622237,100.057180928162,99.4718541806623
6133.47442124203,100.015220040162,99.432122721248
6169.11476846941,99.9647018788085,99.3423922930764
6204.9622143595,99.9228850070702,99.2649670147234
6241.01796231968,99.8659303738527,99.222653557741
6277.28322275005,99.7971785771095,99.2081792428606
6313.7592130841,99.736447246526,99.1275815868229
6350.44715782958,99.6930482203802,99.0819168516262
6387.34828860959,99.6493691736677,99.0287614524722
6424.46384420396,99.6370904524302,99.0472160890943
6461.79507059078,99.6422032150692,99.1208120677276
6499.34322098827,99.663359583014,99.1834991433452
6537.10955589686,99.6905205158476,99.2816536687865
6575.09534314146,99.7560811788999,99.3661034887192
6613.30185791408,99.8811419986255,99.4978522562166
6651.73038281657,100.035967722507,99.6657025382118
6690.38220790374,100.250409597568,99.9080824567817
6729.25863072662,100.503929279719,100.172706210867
6768.36095637606,100.801651459175,100.461576518799
6807.6904975265,101.124645089197,100.782401798861
6847.24857448008,101.494035920853,101.132872885873
6887.03651521094,101.908888540201,101.48380594498
6927.05565540978,102.340153355003,101.856645035941
6967.30733852876,102.758629074757,102.211372706764
7007.79291582651,103.175413186459,102.565279734861
7048.51374641359,103.584359406887,102.912944572721
7089.47119729804,103.985677821475,103.264214536702
7130.66664343133,104.389603455555,103.610302209515
7172.10146775446,104.788378184429,103.958213613595
7213.77706124441,105.161997875015,104.294005875383
7255.69482296087,105.507558404953,104.619682521087
7297.85616009315,105.826995792066,104.916930292768
7340.26248800744,106.114410981727,105.189523329124
7382.91523029436,106.367050516893,105.444286723544
7425.81581881669,106.590004819277,105.671939366593
7468.96569375748,106.776222799166,105.880009762634
7512.3663036684,106.922949028211,106.046588877295
7556.0191055183,107.039500854608,106.179663211447
7599.92556474224,107.127995700641,106.280147262564
7644.08715529058,107.179088192355,106.355264522964
7688.50535967851,107.1944912987,106.412537603338
7733.1816690358,107.182289410937,106.451069325187
7778.11758315689,107.135630671004,106.477779507459
7823.31461055117,107.058653410245,106.488119461173
7868.77426849372,106.939700016051,106.490757079395
7914.49808307615,106.806483849828,106.487268147762
7960.48758925788,106.656411678854,106.475621162165
8006.74433091768,106.482833813394,106.448512773031
8053.26986090544,106.310435521097,106.399604241659
8100.06574109439,106.140638692833,106.345087730854
8147.13354243344,105.975705350324,106.27086180666
8194.47484499997,105.823591149209,106.167858943749
8242.09123805287,105.711805280269,106.05098998092
8289.98432008588,105.659505856435,105.922225125267
8338.15569888125,105.675973599189,105.782823571256
8386.60699156371,105.75219878835,105.621549435011
8435.3398246548,105.868935622973,105.424370253603
8484.3558341274,105.99747958212,105.170139094142
8533.65666546073,106.114413768818,104.839869855986
8583.2439736955,106.199226021201,104.434876953385
8633.11942348955,106.228444830734,103.966284253112
8683.2846891737,106.17848809137,103.452457818202
8733.74145480796,106.044581667595,102.909457867465
8784.49141423803,105.794273888206,102.385169302129
8835.53627115225,105.440279977873,101.899686452939
8886.8777391387,104.985008069148,101.490235355255
8938.51754174278,104.43769009856,101.169180617346
8990.45741252505,103.828134577184,100.960421033915
9042.69909511944,103.186491101935,100.849168794208
9095.24434329175,102.493380322109,100.832967047854
9148.09492099858,101.785006069377,100.893160208625
9201.25260244651,101.073133239557,100.998012689878
9254.71917215164,100.353322883464,101.106225198675
9308.49642499954,99.637369029498,101.195872579476
9362.58616630551,98.9327219942855,101.242510083515
9416.99021187513,98.2430775093806,101.231156797892
9471.71038806526,97.5735910491899,101.152538432378
9526.74853184533,96.9622119428381,100.996811424345
9582.10649085905,96.4270084290829,100.772847311836
9637.78612348638,96.0061105235217,100.476974709985
9693.78929890595,95.7543105978024,100.122962108765
9750.11789715778,95.6975260750822,99.7302292882598
9806.77380920642,95.8026750055855,99.303880500965
9863.75893700445,96.0214324196329,98.8652264441958
9921.07519355628,96.2656546266636,98.4287760540581
9978.72450298237,96.4763963711518,98.0038566231028
10036.7088005839,96.645544789934,97.6096729632082
10095.0300329076,96.7681453139442,97.2390749644313
10153.6901578113,96.8606141096138,96.8996055485496
10212.6911445294,96.9203377109034,96.588238015566
10272.0349737392,96.9555280951278,96.2927743515862
10331.7236376273,96.9667913363171,96.0125422065211
10391.7591399565,97.0074162748362,95.772756791774
10452.1434961329,97.0657808591443,95.5770277954976
10512.8787332739,97.1192428810028,95.4534062535156
10573.966890276,97.1635780494503,95.3976652765822
10635.4100178833,97.1958218767347,95.4388947346114
10697.2101787562,97.1826259074422,95.5600599018483
10759.3694475411,97.1236567107536,95.7513285342032
10821.8899109394,97.0612363465852,96.0217587840028
10884.7736677782,97.0119350246669,96.3441606156859
10948.0228290802,97.0160371366802,96.6825195271695
11011.639518135,97.0464724976391,97.0314636539974
11075.6258705701,97.1005625275415,97.3353914717389
11139.9840344226,97.1874802670079,97.5459731171581
11204.7161702116,97.3076631177416,97.6328596935885
11269.8244510104,97.463800786329,97.5882781634419
11335.3110625196,97.628611414047,97.4591773030899
11401.1782031405,97.7410611398817,97.2826644782405
11467.4280840487,97.7691989553402,97.0999449721409
11534.0629292687,97.7152779251601,96.9418432479784
11601.0849757483,97.6204005385106,96.8422442946144
11668.4964734335,97.5068469109182,96.8118103102265
11736.2996853446,97.4156097034181,96.8588202738355
11804.4968876515,97.365158930256,96.9787457104643
11873.0903697509,97.3586545120674,97.1415265280086
11942.0824343423,97.3798201827158,97.3231310195181
12011.4753975058,97.4234210585524,97.5053205761142
12081.27158878,97.4668167505403,97.6608329274255
12151.4733512396,97.5113444282144,97.7915731714845
12222.0830415748,97.5128758243927,97.88220807237
12293.1030301696,97.4810758372273,97.9311765171597
12364.5357011823,97.3925361093992,97.9308248160244
12436.3834526246,97.2314755602459,97.8776241556311
12508.6486964429,97.0098460802358,97.7723081762984
12581.3338585987,96.7219713074138,97.6067566252429
12654.4413791504,96.398329273761,97.3732917937441
12727.9737123349,95.9986204318256,97.0597287963097
12801.9333266503,95.5349998400093,96.7110864660884
12876.3227049386,95.0292431736261,96.3198529957988
12951.1443444691,94.4891999352756,95.8795874608384
13026.4007570222,93.9441011065067,95.3768756722759
13102.0944689736,93.3788770112007,94.8088801161029
13178.2280213796,92.8153070947273,94.1711816658311
13254.8039700616,92.2281635131679,93.4288828262195
13331.8248856927,91.6085055091511,92.6029099839409
13409.2933538834,90.9751450870569,91.6808980328995
13487.2119752688,90.4651865952519,90.7015263231921
13565.5833655958,90.0517448426136,89.6747647270355
13644.4101558107,89.7145887314283,88.4059269709412
13723.6949921478,89.5338176167459,86.6378493428978
13803.440536218,89.4875136131373,84.3758057612533
13883.6494650984,89.5647306251345,81.7767400894498
13964.324471422,89.8080921338721,79.9305599231767
14045.4682634681,90.0491975230875,80.2346639670189
14127.0835652532,90.2539836902889,81.3147654295962
14209.1731166227,90.2454351256514,82.2784741308647
14291.7396733424,89.9475523360295,83.5443195262823
14374.7860071914,89.3264253793545,84.6955670674164
14458.3149060552,88.4094847537482,85.1385607929576
14542.3291740189,87.4196603043047,84.9371818653309
14626.8316314615,86.6305821037895,84.2969003841732
14711.825115151,86.3626157793314,83.4449488251409
14797.3124783389,86.478381371726,82.6759799917058
14883.2965908565,86.5678020542466,81.9744434253971
14969.7803392111,85.8997638896717,80.9969954726551
15056.7666266829,84.4082281742538,79.6951504549088
15144.2583734224,82.3569957819879,78.2179880984199
15232.2585165485,79.636495331065,76.6970076790717
15320.7700102472,76.0072125703411,76.3891326234253
15409.7958258706,71.1666386744674,77.1250349978269
15499.3389520365,71.7791739273558,78.4599295621777
15589.4023947293,76.6515149781971,80.0532376051841
15679.9891774004,80.204306976865,81.5431044967259
15771.1023410697,82.7335960361007,82.9297147618184
15862.744944428,84.6391111896113,84.1946409072615
15954.9200639394,86.0876210253796,85.3916917646887
16047.630793945,87.2506107042142,86.496607001957
16140.8802467661,88.2464227446918,87.5030982231601
16234.6715528092,89.1359979112492,88.4056720679135
16329.0078606709,89.9076923102134,89.2511298158168
16423.8923372438,90.6594848815754,90.0370228204851
16519.3281678225,91.3121156119453,90.8054001878714
16615.3185562107,91.8950388912274,91.5920542741727
16711.8667248288,92.4274252504301,92.4023369577564
16808.9759148219,92.9273761652946,93.1953865631031
16906.6493861689,93.3861850917671,93.9067259789746
17004.8904177917,93.7650196118589,94.4042235855715
17103.7023076652,93.963102297699,94.579679450344
17203.0883729282,93.8448706161569,94.2945129388785
17303.0519499949,93.2764332539061,93.5868616824373
17403.5963946665,92.2560341590249,92.6852026393717
17504.7250822441,90.9712636371961,91.6832345977527
17606.441407642,89.6360105076907,90.6125991176907
17708.7487855017,88.5261964716918,89.4886451575845
17811.6506503064,87.8675535558617,88.3332707898191
17915.1504564963,87.7698083621367,87.1533692395363
18019.2516785849,88.1657735945874,85.9554303415027
18123.957811275,88.9310926919968,84.8596967271087
18229.2723695767,89.8823882994168,84.1858754482809
18335.1988889251,90.8422787605718,84.0650637599662
18441.7409252986,91.6886155641038,84.3685066736355
18548.9020553391,92.3810987443445,84.9011580048899
18656.6858764715,92.8778350855883,85.5867151758881
18765.0960070243,93.1726278930789,86.4017226090843
18874.1360863518,93.28513667,87.3316123831106
18983.8097749555,93.2414898284343,88.2650816649645
19094.1207546076,93.1170940017533,89.0990787951923
19205.0727284739,92.9770488546743,89.7672765629689
19316.669421239,92.8655732614003,90.2828601610261
19428.9145792305,92.784909734198,90.6697771750275
19541.8119705454,92.6024282331589,90.930313889073
19655.3653851761,92.3901655601547,91.090402658533
19769.5786351381,92.2716740675869,91.1815402624757
19884.4555545975,92.1199719547648,91.1927555498238
20000,91.8472774960821,91.0346855812
